id_utente,data,profissional,medicamento,posologia
U0001,2026-07-27,Enf. Paulo Cardoso,Sertralina,"50mg, 1x/dia"
U0002,2026-02-20,Enf. Marta Sousa,Alendronato,"70mg, semanal"
U0002,2026-08-12,Dra. Inês Fonseca,Metformina,"500mg, 2x/dia"
U0002,2026-05-11,Fisio. Beatriz Lima,Sertralina,"50mg, 1x/dia"
U0003,2026-04-06,Enf. Paulo Cardoso,Sertralina,"50mg, 1x/dia"
U0004,2025-12-05,Fisio. Beatriz Lima,Alendronato,"70mg, semanal"
U0004,2026-08-03,Enf. Paulo Cardoso,Paracetamol,"1g, se dor, máx 3x/dia"
U0005,2026-03-17,Dr. Ricardo Rocha,Atorvastatina,"20mg, à noite"
U0005,2026-02-14,Enf. Paulo Cardoso,Levotiroxina,"50mcg, em jejum"
U0005,2026-03-09,Enf. Marta Sousa,Omeprazol,"20mg, 1x/dia"
U0006,2026-04-15,Fisio. Beatriz Lima,Furosemida,"40mg, de manhã"
U0006,2026-08-21,Dra. Inês Fonseca,AAS,"100mg, 1x/dia"
U0006,2025-12-25,Enf. Paulo Cardoso,Losartan,"50mg, 1x/dia"
U0006,2025-12-15,Enf. Marta Sousa,Metformina,"500mg, 2x/dia"
U0007,2026-04-14,Enf. Marta Sousa,Omeprazol,"20mg, 1x/dia"
U0007,2026-01-17,Dra. Inês Fonseca,Losartan,"50mg, 1x/dia"
U0007,2025-12-29,Fisio. Beatriz Lima,Furosemida,"40mg, de manhã"
U0007,2026-01-15,Dr. Ricardo Rocha,Metformina,"500mg, 2x/dia"
U0008,2025-10-04,Fisio. Beatriz Lima,Sertralina,"50mg, 1x/dia"
U0008,2026-03-23,Dra. Inês Fonseca,Losartan,"50mg, 1x/dia"
U0008,2026-03-18,Fisio. Beatriz Lima,Metformina,"500mg, 2x/dia"
U0009,2026-04-13,Dra. Inês Fonseca,Atorvastatina,"20mg, à noite"
U0009,2026-01-10,Dr. Ricardo Rocha,Omeprazol,"20mg, 1x/dia"
U0009,2025-12-31,Enf. Marta Sousa,Metformina,"500mg, 2x/dia"
U0010,2026-06-04,Enf. Marta Sousa,Losartan,"50mg, 1x/dia"
U0011,2026-04-28,Fisio. Beatriz Lima,Atorvastatina,"20mg, à noite"
U0011,2025-10-08,Dr. Ricardo Rocha,Sertralina,"50mg, 1x/dia"
U0011,2026-08-09,Enf. Paulo Cardoso,Furosemida,"40mg, de manhã"
U0011,2026-05-29,Enf. Marta Sousa,Omeprazol,"20mg, 1x/dia"
U0011,2026-04-06,Dr. Ricardo Rocha,Metformina,"500mg, 2x/dia"
U0012,2025-10-28,Enf. Marta Sousa,Paracetamol,"1g, se dor, máx 3x/dia"
U0012,2026-08-23,Enf. Paulo Cardoso,Levotiroxina,"50mcg, em jejum"
U0012,2026-08-28,Enf. Paulo Cardoso,Atorvastatina,"20mg, à noite"
U0013,2025-09-19,Dr. Ricardo Rocha,Losartan,"50mg, 1x/dia"
U0013,2025-11-10,Dra. Inês Fonseca,Alendronato,"70mg, semanal"
U0013,2025-11-29,Fisio. Beatriz Lima,Paracetamol,"1g, se dor, máx 3x/dia"
U0013,2026-09-19,Enf. Paulo Cardoso,AAS,"100mg, 1x/dia"
U0013,2026-02-19,Enf. Marta Sousa,Furosemida,"40mg, de manhã"
U0014,2025-08-17,Dr. Ricardo Rocha,Paracetamol,"1g, se dor, máx 3x/dia"
U0015,2026-02-10,Dr. Ricardo Rocha,Paracetamol,"1g, se dor, máx 3x/dia"
U0015,2026-02-06,Enf. Marta Sousa,Sertralina,"50mg, 1x/dia"
U0015,2025-09-10,Dr. Ricardo Rocha,AAS,"100mg, 1x/dia"
U0015,2026-07-24,Enf. Marta Sousa,Furosemida,"40mg, de manhã"
U0016,2025-10-22,Fisio. Beatriz Lima,Losartan,"50mg, 1x/dia"
U0016,2026-07-25,Dra. Inês Fonseca,Levotiroxina,"50mcg, em jejum"
U0016,2026-08-03,Enf. Paulo Cardoso,Sertralina,"50mg, 1x/dia"
U0016,2026-04-09,Fisio. Beatriz Lima,Paracetamol,"1g, se dor, máx 3x/dia"
U0016,2026-07-12,Dr. Ricardo Rocha,Furosemida,"40mg, de manhã"
U0017,2026-02-25,Dr. Ricardo Rocha,Atorvastatina,"20mg, à noite"
U0017,2026-02-12,Enf. Paulo Cardoso,AAS,"100mg, 1x/dia"
U0018,2026-02-10,Enf. Paulo Cardoso,AAS,"100mg, 1x/dia"
U0018,2026-01-03,Enf. Paulo Cardoso,Levotiroxina,"50mcg, em jejum"
U0019,2025-09-06,Dra. Inês Fonseca,Alendronato,"70mg, semanal"
U0020,2025-10-23,Enf. Marta Sousa,Furosemida,"40mg, de manhã"
U0020,2026-03-12,Fisio. Beatriz Lima,Omeprazol,"20mg, 1x/dia"
U0020,2025-12-29,Enf. Paulo Cardoso,Metformina,"500mg, 2x/dia"
U0020,2026-02-02,Fisio. Beatriz Lima,Paracetamol,"1g, se dor, máx 3x/dia"
U0020,2025-11-24,Enf. Paulo Cardoso,Losartan,"50mg, 1x/dia"
U0021,2025-09-26,Enf. Paulo Cardoso,Levotiroxina,"50mcg, em jejum"
U0021,2026-04-07,Dr. Ricardo Rocha,Paracetamol,"1g, se dor, máx 3x/dia"
U0021,2025-09-29,Enf. Paulo Cardoso,AAS,"100mg, 1x/dia"
U0022,2025-09-13,Enf. Paulo Cardoso,Atorvastatina,"20mg, à noite"
U0022,2025-12-01,Dr. Ricardo Rocha,Furosemida,"40mg, de manhã"
U0023,2026-05-20,Dra. Inês Fonseca,Losartan,"50mg, 1x/dia"
U0023,2026-02-12,Fisio. Beatriz Lima,Atorvastatina,"20mg, à noite"
U0023,2026-08-19,Fisio. Beatriz Lima,Sertralina,"50mg, 1x/dia"
U0024,2026-01-31,Enf. Paulo Cardoso,Sertralina,"50mg, 1x/dia"
U0024,2026-01-15,Dr. Ricardo Rocha,Alendronato,"70mg, semanal"
U0025,2025-10-09,Enf. Marta Sousa,Paracetamol,"1g, se dor, máx 3x/dia"
U0025,2026-01-08,Dra. Inês Fonseca,Losartan,"50mg, 1x/dia"
U0026,2025-12-05,Dra. Inês Fonseca,Furosemida,"40mg, de manhã"
U0027,2025-08-26,Enf. Marta Sousa,AAS,"100mg, 1x/dia"
U0027,2026-04-20,Dr. Ricardo Rocha,Furosemida,"40mg, de manhã"
U0027,2026-05-18,Dra. Inês Fonseca,Levotiroxina,"50mcg, em jejum"
U0027,2026-06-02,Dra. Inês Fonseca,Losartan,"50mg, 1x/dia"
U0027,2025-12-22,Fisio. Beatriz Lima,Omeprazol,"20mg, 1x/dia"
U0028,2025-11-27,Dra. Inês Fonseca,Losartan,"50mg, 1x/dia"
U0028,2026-03-17,Enf. Marta Sousa,Paracetamol,"1g, se dor, máx 3x/dia"
U0028,2026-03-19,Dr. Ricardo Rocha,Omeprazol,"20mg, 1x/dia"
U0029,2026-05-17,Enf. Marta Sousa,Levotiroxina,"50mcg, em jejum"
U0029,2026-09-11,Dra. Inês Fonseca,Atorvastatina,"20mg, à noite"
U0029,2025-12-20,Enf. Marta Sousa,Losartan,"50mg, 1x/dia"
U0030,2026-05-10,Enf. Paulo Cardoso,Atorvastatina,"20mg, à noite"
U0030,2026-08-14,Enf. Marta Sousa,Levotiroxina,"50mcg, em jejum"
U0030,2026-09-07,Enf. Marta Sousa,Paracetamol,"1g, se dor, máx 3x/dia"
U0031,2026-07-02,Fisio. Beatriz Lima,Alendronato,"70mg, semanal"
U0031,2026-07-16,Fisio. Beatriz Lima,Paracetamol,"1g, se dor, máx 3x/dia"
U0031,2026-08-07,Fisio. Beatriz Lima,Sertralina,"50mg, 1x/dia"
U0032,2026-04-18,Dr. Ricardo Rocha,Alendronato,"70mg, semanal"
U0032,2026-02-15,Enf. Marta Sousa,Atorvastatina,"20mg, à noite"
U0033,2026-03-29,Dra. Inês Fonseca,Omeprazol,"20mg, 1x/dia"
U0033,2025-10-29,Fisio. Beatriz Lima,AAS,"100mg, 1x/dia"
U0033,2026-05-06,Fisio. Beatriz Lima,Alendronato,"70mg, semanal"
U0033,2025-09-14,Enf. Marta Sousa,Furosemida,"40mg, de manhã"
U0033,2026-05-26,Dr. Ricardo Rocha,Paracetamol,"1g, se dor, máx 3x/dia"
U0034,2025-12-06,Dr. Ricardo Rocha,Losartan,"50mg, 1x/dia"
U0034,2026-06-14,Enf. Marta Sousa,Levotiroxina,"50mcg, em jejum"
U0034,2026-04-16,Enf. Marta Sousa,Atorvastatina,"20mg, à noite"
U0034,2026-07-11,Dr. Ricardo Rocha,Metformina,"500mg, 2x/dia"
U0034,2025-10-15,Dr. Ricardo Rocha,Sertralina,"50mg, 1x/dia"
U0035,2025-12-03,Dra. Inês Fonseca,Metformina,"500mg, 2x/dia"
U0035,2025-10-06,Fisio. Beatriz Lima,Sertralina,"50mg, 1x/dia"
U0036,2025-10-01,Enf. Marta Sousa,Losartan,"50mg, 1x/dia"
U0036,2025-11-12,Enf. Paulo Cardoso,Sertralina,"50mg, 1x/dia"
U0036,2026-06-12,Dr. Ricardo Rocha,Paracetamol,"1g, se dor, máx 3x/dia"
U0036,2026-02-20,Dra. Inês Fonseca,Metformina,"500mg, 2x/dia"
U0036,2026-01-16,Dra. Inês Fonseca,Atorvastatina,"20mg, à noite"
U0037,2026-09-06,Fisio. Beatriz Lima,AAS,"100mg, 1x/dia"
U0038,2026-06-01,Enf. Marta Sousa,Losartan,"50mg, 1x/dia"
U0038,2026-07-06,Fisio. Beatriz Lima,Paracetamol,"1g, se dor, máx 3x/dia"
U0038,2026-07-04,Enf. Paulo Cardoso,Atorvastatina,"20mg, à noite"
U0038,2026-09-11,Fisio. Beatriz Lima,Alendronato,"70mg, semanal"
U0038,2026-01-14,Fisio. Beatriz Lima,Sertralina,"50mg, 1x/dia"
U0039,2026-07-03,Dr. Ricardo Rocha,Levotiroxina,"50mcg, em jejum"
U0039,2026-07-28,Dr. Ricardo Rocha,Furosemida,"40mg, de manhã"
U0039,2026-04-22,Enf. Marta Sousa,Paracetamol,"1g, se dor, máx 3x/dia"
U0039,2026-09-09,Enf. Paulo Cardoso,Metformina,"500mg, 2x/dia"
U0039,2026-09-05,Dra. Inês Fonseca,Atorvastatina,"20mg, à noite"
U0040,2025-11-29,Dr. Ricardo Rocha,Levotiroxina,"50mcg, em jejum"
U0040,2026-09-21,Enf. Marta Sousa,Alendronato,"70mg, semanal"
U0041,2026-03-03,Dra. Inês Fonseca,Omeprazol,"20mg, 1x/dia"
U0042,2026-03-05,Dr. Ricardo Rocha,Furosemida,"40mg, de manhã"
U0042,2025-08-23,Dra. Inês Fonseca,Levotiroxina,"50mcg, em jejum"
U0042,2026-05-10,Dr. Ricardo Rocha,Omeprazol,"20mg, 1x/dia"
U0042,2025-11-26,Enf. Marta Sousa,Paracetamol,"1g, se dor, máx 3x/dia"
U0043,2026-05-24,Enf. Paulo Cardoso,Furosemida,"40mg, de manhã"
U0043,2026-06-24,Dra. Inês Fonseca,Alendronato,"70mg, semanal"
U0043,2026-07-07,Dra. Inês Fonseca,Levotiroxina,"50mcg, em jejum"
U0043,2026-05-15,Enf. Paulo Cardoso,Omeprazol,"20mg, 1x/dia"
U0043,2026-01-19,Dra. Inês Fonseca,AAS,"100mg, 1x/dia"
U0044,2025-11-21,Fisio. Beatriz Lima,Paracetamol,"1g, se dor, máx 3x/dia"
U0044,2025-12-01,Enf. Marta Sousa,Omeprazol,"20mg, 1x/dia"
U0044,2025-12-02,Dr. Ricardo Rocha,Atorvastatina,"20mg, à noite"
U0045,2026-08-19,Enf. Marta Sousa,Atorvastatina,"20mg, à noite"
U0045,2026-01-04,Enf. Marta Sousa,Omeprazol,"20mg, 1x/dia"
