id_utente,data_hora,temperatura,tensao_sistolica,tensao_diastolica,glicemia,peso_kg,dor
U0001,2026-07-24T00:55,35.9,133,73,61,69.9,0
U0001,2026-07-24T11:55,36.6,144,67,93,69.9,7
U0001,2026-07-27T00:55,36.5,138,78,100,70.7,4
U0001,2026-07-27T03:55,36.3,110,65,110,70.9,1
U0001,2026-08-16T09:55,37.0,146,74,102,70.1,3
U0001,2026-08-23T02:55,36.4,116,83,127,70.2,9
U0001,2026-08-26T13:55,36.7,127,87,63,71.4,1
U0001,2026-09-07T09:55,36.7,143,77,89,70.6,2
U0001,2026-09-18T16:55,36.8,124,78,127,69.9,9
U0002,2026-08-01T03:55,36.6,135,72,144,49.7,3
U0002,2026-08-10T21:55,36.4,137,92,154,48.2,2
U0002,2026-08-24T07:55,36.7,101,83,103,49.7,0
U0002,2026-08-26T23:55,36.0,136,93,70,49.0,5
U0002,2026-09-05T14:55,36.9,134,79,84,49.9,3
U0002,2026-09-14T23:55,36.5,135,74,137,49.6,1
U0002,2026-09-15T09:55,36.8,134,89,76,49.6,3
U0002,2026-09-18T23:55,36.3,127,83,88,49.6,2
U0003,2026-07-26T04:55,36.3,136,85,143,54.8,6
U0003,2026-08-01T06:55,36.6,150,100,65,53.9,8
U0003,2026-08-02T18:55,36.5,124,67,97,55.0,3
U0003,2026-08-05T03:55,36.4,130,90,110,54.8,0
U0003,2026-08-07T06:55,36.8,151,84,91,54.5,0
U0003,2026-08-09T11:55,36.5,121,65,143,55.8,2
U0003,2026-08-14T09:55,35.7,126,82,137,54.6,0
U0003,2026-08-16T04:55,36.2,118,85,89,54.1,3
U0003,2026-08-19T02:55,36.2,117,100,128,55.4,0
U0003,2026-08-31T02:55,36.4,106,93,123,55.6,0
U0003,2026-09-05T02:55,36.0,119,79,116,54.1,1
U0003,2026-09-06T18:55,36.3,132,58,73,54.8,9
U0003,2026-09-14T18:55,36.5,124,72,119,54.5,7
U0003,2026-09-19T14:55,36.9,126,73,91,54.0,0
U0004,2026-07-25T13:55,36.2,133,84,123,95.9,0
U0004,2026-08-04T04:55,36.3,111,71,142,95.6,1
U0004,2026-08-22T19:55,36.6,120,86,130,95.7,1
U0004,2026-08-24T15:55,36.2,116,78,95,95.7,6
U0004,2026-09-01T00:55,36.6,129,75,105,95.3,2
U0004,2026-09-06T14:55,36.6,130,64,105,95.1,9
U0004,2026-09-14T08:55,36.7,128,85,76,96.1,5
U0005,2026-07-31T13:55,36.8,152,79,137,55.8,2
U0005,2026-08-01T10:55,35.7,130,84,99,56.2,0
U0005,2026-08-11T15:55,36.7,106,83,134,56.3,1
U0005,2026-08-16T07:55,36.6,153,89,97,56.4,2
U0005,2026-08-17T11:55,36.6,142,81,118,55.9,5
U0005,2026-08-25T16:55,36.1,117,65,72,55.4,2
U0005,2026-08-29T06:55,36.5,104,97,71,56.3,1
U0005,2026-09-02T08:55,36.3,126,80,52,56.1,2
U0005,2026-09-08T13:55,36.7,115,65,104,55.9,3
U0005,2026-09-10T21:55,36.8,113,87,97,55.3,3
U0006,2026-08-14T13:55,36.3,99,73,116,66.1,7
U0006,2026-08-21T11:55,36.9,153,75,127,66.3,5
U0006,2026-08-24T18:55,36.6,128,84,104,66.5,5
U0006,2026-08-27T11:55,37.1,133,77,118,65.5,7
U0006,2026-09-01T12:55,36.0,146,83,80,66.1,1
U0006,2026-09-01T23:55,36.3,151,67,122,65.8,7
U0006,2026-09-02T01:55,36.8,143,76,128,67.0,6
U0006,2026-09-02T20:55,36.6,132,85,83,65.3,1
U0006,2026-09-07T08:55,36.6,118,82,70,66.6,1
U0006,2026-09-07T23:55,36.8,118,86,141,66.0,3
U0007,2026-08-01T21:55,36.5,116,74,94,62.2,0
U0007,2026-08-05T16:55,36.6,100,68,121,63.8,1
U0007,2026-08-15T16:55,36.1,127,79,131,63.9,0
U0007,2026-08-15T22:55,36.7,182,67,118,63.7,5
U0007,2026-08-19T01:55,36.9,136,77,136,64.1,5
U0007,2026-08-28T17:55,37.2,117,81,182,63.4,0
U0007,2026-09-04T10:55,36.4,114,86,105,65.0,0
U0007,2026-09-04T10:55,37.0,136,76,141,64.0,3
U0007,2026-09-16T20:55,36.2,131,106,141,62.2,6
U0007,2026-09-18T17:55,36.9,141,81,108,64.0,0
U0007,2026-09-20T23:55,35.9,124,76,113,63.2,4
U0008,2026-07-25T18:55,37.2,126,89,119,74.1,1
U0008,2026-08-05T14:55,36.3,133,84,107,74.6,1
U0008,2026-08-08T03:55,36.5,139,85,96,74.1,2
U0008,2026-08-12T14:55,36.9,126,82,72,74.7,0
U0008,2026-08-23T22:55,36.2,129,82,125,73.7,1
U0008,2026-09-01T08:55,35.5,124,85,150,75.6,0
U0008,2026-09-16T00:55,37.1,110,58,124,74.5,0
U0009,2026-07-27T20:55,36.5,121,77,133,62.9,8
U0009,2026-07-31T13:55,36.2,127,77,128,62.8,1
U0009,2026-08-08T10:55,36.0,129,79,68,63.3,5
U0009,2026-08-10T06:55,36.5,152,56,120,62.5,2
U0009,2026-08-12T22:55,36.4,105,76,133,61.8,4
U0009,2026-08-13T10:55,35.9,127,65,114,62.1,2
U0009,2026-08-14T09:55,36.7,133,72,123,62.7,1
U0009,2026-08-18T11:55,36.7,120,83,149,63.1,0
U0009,2026-08-26T21:55,37.4,105,98,92,62.6,7
U0009,2026-09-06T11:55,36.4,106,92,122,62.4,0
U0009,2026-09-21T22:55,36.3,149,89,141,63.2,6
U0010,2026-08-04T05:55,35.5,138,96,91,65.2,7
U0010,2026-08-04T20:55,36.8,104,89,143,64.9,0
U0010,2026-08-16T03:55,36.1,132,68,136,64.3,3
U0010,2026-08-22T15:55,36.6,119,76,139,64.9,2
U0010,2026-08-23T09:55,36.5,139,64,112,65.4,1
U0010,2026-08-25T05:55,36.3,109,91,128,64.6,7
U0010,2026-09-04T02:55,36.7,122,76,137,65.8,8
U0010,2026-09-08T22:55,36.6,143,93,98,64.3,1
U0010,2026-09-10T05:55,36.0,142,75,57,64.7,1
U0010,2026-09-15T01:55,36.1,163,87,113,64.6,3
U0010,2026-09-18T19:55,36.6,125,85,62,64.8,1
U0011,2026-07-23T17:55,36.2,139,87,114,73.5,2
U0011,2026-07-24T06:55,36.5,135,70,87,72.4,5
U0011,2026-07-26T00:55,36.0,149,72,105,72.1,3
U0011,2026-07-26T23:55,36.5,136,84,113,73.3,2
U0011,2026-07-27T10:55,36.4,133,93,100,72.6,6
U0011,2026-08-04T02:55,36.3,130,66,96,73.5,5
U0011,2026-08-04T08:55,36.7,147,90,130,72.0,2
U0011,2026-08-28T18:55,36.7,133,85,136,72.1,5
U0011,2026-09-05T19:55,36.4,126,84,109,73.4,6
U0011,2026-09-07T22:55,36.2,121,70,138,73.0,0
U0011,2026-09-11T01:55,36.1,112,71,118,73.1,3
U0011,2026-09-18T13:55,36.9,144,80,104,73.6,7
U0012,2026-07-28T18:55,36.1,139,68,143,51.2,0
U0012,2026-08-01T06:55,36.5,123,86,151,50.1,5
U0012,2026-08-04T05:55,35.4,133,102,95,51.3,0
U0012,2026-08-05T15:55,35.7,139,95,90,51.4,0
U0012,2026-08-07T21:55,36.2,130,70,76,50.1,3
U0012,2026-08-19T09:55,35.8,131,63,122,49.7,0
U0012,2026-09-02T06:55,36.4,147,82,82,50.7,0
U0012,2026-09-11T21:55,36.1,125,69,115,51.8,0
U0012,2026-09-16T23:55,36.7,133,65,150,52.0,0
U0013,2026-07-25T13:55,36.4,146,65,109,58.4,0
U0013,2026-07-29T18:55,35.9,144,70,113,57.9,1
U0013,2026-07-31T07:55,36.1,131,61,103,58.3,3
U0013,2026-07-31T20:55,36.7,135,75,115,58.3,0
U0013,2026-08-03T04:55,36.4,108,96,84,58.5,1
U0013,2026-08-18T21:55,36.7,126,73,109,58.8,2
U0013,2026-08-23T11:55,36.8,110,88,112,58.3,8
U0013,2026-08-23T13:55,37.0,124,55,52,59.2,4
U0013,2026-08-28T08:55,35.8,110,78,170,58.8,2
U0013,2026-08-30T08:55,36.6,108,91,71,59.2,4
U0013,2026-09-12T01:55,37.4,120,83,146,57.3,1
U0013,2026-09-15T13:55,37.1,116,68,131,57.9,1
U0013,2026-09-15T19:55,37.2,128,78,147,58.7,4
U0013,2026-09-16T11:55,36.6,150,92,132,57.7,3
U0014,2026-07-28T22:55,36.0,153,76,81,79.0,4
U0014,2026-07-29T11:55,36.5,140,88,100,78.2,0
U0014,2026-08-14T06:55,37.5,134,78,161,78.1,0
U0014,2026-08-23T03:55,37.2,125,71,110,77.7,0
U0014,2026-08-28T17:55,36.1,138,71,97,78.3,4
U0014,2026-09-14T20:55,36.4,151,83,113,78.3,5
U0015,2026-07-30T20:55,36.4,131,61,150,68.0,3
U0015,2026-07-31T22:55,35.8,129,78,105,68.2,0
U0015,2026-08-04T22:55,36.2,119,74,139,68.0,2
U0015,2026-08-06T14:55,36.6,119,76,156,69.1,1
U0015,2026-08-09T14:55,36.2,139,83,93,67.9,4
U0015,2026-08-28T11:55,36.4,106,84,126,69.1,0
U0015,2026-09-03T02:55,36.5,146,93,83,69.3,2
U0015,2026-09-11T04:55,36.3,142,81,115,68.3,1
U0015,2026-09-12T15:55,35.9,140,70,100,68.1,0
U0015,2026-09-17T02:55,36.3,158,74,147,69.3,0
U0015,2026-09-17T07:55,36.3,148,82,111,68.1,0
U0016,2026-08-03T03:55,37.2,142,78,126,50.0,3
U0016,2026-08-25T18:55,36.1,99,67,83,50.4,0
U0016,2026-08-26T15:55,36.1,144,76,89,51.2,0
U0016,2026-08-27T15:55,37.0,107,76,75,52.6,4
U0016,2026-08-28T19:55,36.0,146,91,81,50.4,1
U0016,2026-09-09T06:55,36.6,118,60,172,50.8,5
U0016,2026-09-14T21:55,36.6,145,71,144,50.6,1
U0016,2026-09-18T00:55,36.2,135,80,127,50.8,7
U0017,2026-07-24T18:55,36.4,102,69,110,72.8,10
U0017,2026-07-27T01:55,37.5,131,90,158,73.3,2
U0017,2026-08-01T07:55,36.3,129,82,93,72.6,3
U0017,2026-08-04T08:55,36.2,135,79,116,73.2,0
U0017,2026-08-08T04:55,36.9,106,82,124,74.2,2
U0017,2026-08-21T00:55,36.7,125,88,122,73.6,5
U0017,2026-08-22T16:55,37.4,118,82,117,73.7,1
U0017,2026-08-30T15:55,36.6,143,96,117,73.5,2
U0017,2026-09-01T01:55,36.8,131,70,126,73.2,3
U0017,2026-09-12T02:55,36.6,142,86,122,73.6,5
U0017,2026-09-12T16:55,36.5,109,91,103,72.3,4
U0017,2026-09-15T17:55,37.0,114,52,98,74.6,1
U0017,2026-09-20T14:55,36.9,131,80,108,74.0,3
U0017,2026-09-21T02:55,36.0,108,72,101,73.7,1
U0018,2026-07-26T23:55,36.5,118,58,82,75.6,0
U0018,2026-08-06T00:55,36.5,133,83,83,76.3,3
U0018,2026-08-16T23:55,36.8,106,58,88,75.4,6
U0018,2026-08-18T02:55,36.5,121,81,76,75.8,0
U0018,2026-08-18T17:55,37.5,151,88,119,77.0,2
U0018,2026-08-30T02:55,36.6,110,70,108,76.4,2
U0018,2026-09-01T08:55,36.7,142,65,110,74.8,7
U0018,2026-09-10T15:55,36.3,116,88,134,76.0,2
U0018,2026-09-14T03:55,36.3,124,92,163,74.8,7
U0018,2026-09-14T20:55,36.7,132,94,86,74.3,9
U0018,2026-09-15T10:55,36.1,141,64,119,75.1,0
U0019,2026-07-25T22:55,36.5,134,94,142,59.5,3
U0019,2026-08-02T13:55,36.3,149,87,131,59.7,0
U0019,2026-08-04T13:55,36.8,109,76,135,58.5,6
U0019,2026-08-13T10:55,36.4,141,85,106,59.8,0
U0019,2026-08-19T22:55,35.9,127,70,85,57.8,0
U0019,2026-08-24T09:55,36.5,125,65,132,59.0,1
U0019,2026-08-26T20:55,36.7,116,92,103,59.3,0
U0020,2026-07-26T18:55,36.6,149,79,136,95.5,1
U0020,2026-07-29T12:55,37.0,86,76,131,95.9,1
U0020,2026-08-15T07:55,36.6,129,79,166,95.7,2
U0020,2026-08-16T21:55,36.4,133,80,62,93.9,5
U0020,2026-08-21T20:55,37.4,140,79,66,95.1,6
U0020,2026-08-26T07:55,36.8,126,103,84,95.0,2
U0020,2026-08-26T15:55,36.5,113,76,123,96.2,7
U0020,2026-09-01T09:55,35.9,100,69,128,96.1,3
U0020,2026-09-06T03:55,36.0,131,75,122,96.0,2
U0020,2026-09-11T00:55,36.4,131,91,107,96.2,2
U0020,2026-09-12T22:55,36.3,133,78,80,95.3,8
U0020,2026-09-19T11:55,36.7,97,53,94,95.7,4
U0021,2026-07-28T08:55,36.7,157,90,115,55.6,10
U0021,2026-08-06T13:55,36.6,125,66,110,55.7,1
U0021,2026-08-10T22:55,36.6,149,72,92,56.2,8
U0021,2026-08-13T21:55,36.6,128,80,109,55.7,4
U0021,2026-08-15T00:55,36.7,129,82,92,56.0,5
U0021,2026-08-18T21:55,36.4,121,96,127,56.3,2
U0021,2026-08-20T03:55,37.7,112,82,100,55.4,2
U0021,2026-08-25T21:55,37.1,151,95,99,55.1,7
U0021,2026-09-02T09:55,36.0,124,85,122,54.9,0
U0021,2026-09-02T16:55,36.5,96,84,103,56.3,6
U0021,2026-09-06T18:55,35.8,155,64,101,56.2,6
U0021,2026-09-07T07:55,36.4,126,82,109,55.5,6
U0021,2026-09-12T03:55,36.3,112,77,116,55.6,3
U0021,2026-09-18T19:55,36.7,136,87,141,56.0,4
U0022,2026-07-27T00:55,36.3,136,60,102,66.7,1
U0022,2026-08-03T19:55,37.1,111,88,72,67.5,6
U0022,2026-08-07T01:55,36.6,112,76,116,68.4,0
U0022,2026-08-17T07:55,36.9,132,70,99,67.3,7
U0022,2026-08-22T06:55,36.3,135,80,107,67.8,7
U0022,2026-08-24T10:55,36.4,108,94,117,68.0,0
U0022,2026-08-24T18:55,36.8,165,94,143,68.3,1
U0022,2026-08-30T12:55,35.9,140,85,96,68.1,3
U0022,2026-09-11T08:55,36.5,81,77,118,68.5,1
U0022,2026-09-14T17:55,36.1,118,81,122,68.2,3
U0022,2026-09-15T18:55,36.6,110,78,127,67.8,5
U0022,2026-09-20T01:55,36.7,121,78,103,67.9,0
U0023,2026-07-27T02:55,36.2,122,69,81,71.8,6
U0023,2026-08-08T06:55,36.1,164,75,93,71.6,1
U0023,2026-08-12T12:55,36.7,140,89,145,73.0,10
U0023,2026-08-30T19:55,36.1,153,74,158,72.3,0
U0023,2026-09-02T11:55,36.7,101,87,73,71.9,5
U0023,2026-09-03T12:55,36.2,131,87,80,71.9,7
U0023,2026-09-09T17:55,36.4,109,53,100,72.4,3
U0023,2026-09-10T00:55,36.3,98,78,90,72.8,6
U0023,2026-09-10T09:55,36.7,129,76,94,71.8,3
U0024,2026-07-26T09:55,36.2,125,78,97,55.8,0
U0024,2026-07-29T01:55,36.0,127,83,121,57.3,0
U0024,2026-08-07T03:55,36.4,108,86,81,56.5,2
U0024,2026-08-09T04:55,36.2,141,75,118,57.5,0
U0024,2026-08-10T18:55,37.3,154,74,111,57.4,6
U0024,2026-08-15T18:55,36.9,128,68,128,57.4,0
U0024,2026-08-16T01:55,36.2,132,79,99,57.3,2
U0024,2026-08-24T18:55,37.1,132,87,90,57.4,0
U0024,2026-08-27T08:55,35.5,124,83,72,57.1,0
U0024,2026-09-03T05:55,36.0,122,82,109,57.4,3
U0024,2026-09-04T02:55,36.1,140,78,53,57.5,1
U0024,2026-09-05T06:55,36.8,135,78,75,57.4,3
U0024,2026-09-16T20:55,37.1,157,79,108,57.9,9
U0025,2026-07-24T19:55,36.6,128,89,132,77.9,0
U0025,2026-07-25T23:55,36.9,123,78,87,76.8,1
U0025,2026-08-01T16:55,36.8,115,80,101,77.6,0
U0025,2026-08-04T16:55,35.4,126,91,97,77.0,1
U0025,2026-08-19T11:55,36.4,121,77,106,77.8,8
U0025,2026-08-20T14:55,36.7,116,62,129,78.5,4
U0025,2026-08-23T09:55,36.4,130,68,127,78.1,2
U0025,2026-09-04T04:55,35.9,126,71,163,78.0,0
U0025,2026-09-04T11:55,36.4,121,98,86,78.0,2
U0025,2026-09-11T06:55,36.2,125,79,137,77.2,9
U0025,2026-09-17T17:55,36.7,100,90,114,78.7,5
U0025,2026-09-19T15:55,36.5,151,74,105,77.6,2
U0026,2026-08-02T11:55,36.3,126,82,64,45.3,0
U0026,2026-08-08T09:55,36.1,122,89,102,46.1,3
U0026,2026-08-15T05:55,36.8,105,76,101,45.8,0
U0026,2026-08-15T15:55,35.8,161,70,125,46.7,2
U0026,2026-08-18T02:55,36.2,80,83,142,46.4,5
U0026,2026-08-21T17:55,36.2,151,73,149,45.7,0
U0026,2026-08-26T03:55,35.8,145,86,128,46.4,3
U0026,2026-09-20T04:55,36.3,109,90,111,44.9,3
U0027,2026-07-26T05:55,36.1,132,81,114,89.6,2
U0027,2026-07-30T10:55,36.4,125,93,101,90.2,0
U0027,2026-08-14T19:55,36.6,126,69,70,89.2,5
U0027,2026-08-18T16:55,36.1,123,75,135,90.4,5
U0027,2026-08-20T20:55,36.5,110,71,94,90.2,4
U0027,2026-09-02T06:55,37.0,149,92,69,90.6,3
U0027,2026-09-02T21:55,35.9,143,84,79,88.7,0
U0027,2026-09-06T15:55,36.0,137,75,121,89.5,0
U0028,2026-07-31T15:55,36.0,122,86,146,63.4,4
U0028,2026-08-04T02:55,37.1,145,75,68,64.1,5
U0028,2026-08-04T15:55,36.7,140,90,118,62.9,9
U0028,2026-08-10T15:55,36.6,137,82,86,64.4,5
U0028,2026-08-21T05:55,36.1,130,77,153,63.9,1
U0028,2026-08-22T08:55,36.7,163,94,129,64.6,3
U0028,2026-08-29T12:55,36.6,133,83,87,62.9,0
U0028,2026-09-07T05:55,35.3,148,70,129,63.3,2
U0028,2026-09-12T11:55,37.0,117,85,71,64.1,2
U0028,2026-09-19T00:55,36.7,127,87,96,64.7,1
U0028,2026-09-20T06:55,36.6,133,93,121,62.9,2
U0029,2026-07-25T08:55,35.8,108,73,80,60.9,9
U0029,2026-08-06T15:55,36.3,134,83,118,61.3,0
U0029,2026-08-09T12:55,36.9,121,75,97,60.9,5
U0029,2026-08-18T01:55,36.7,138,97,109,60.9,2
U0029,2026-08-20T06:55,36.2,138,83,114,61.0,0
U0029,2026-09-22T03:55,36.9,154,91,81,60.3,1
U0030,2026-07-23T15:55,36.8,118,81,175,70.9,0
U0030,2026-07-25T04:55,36.5,112,72,122,70.6,1
U0030,2026-08-03T09:55,36.3,133,81,113,71.4,0
U0030,2026-08-08T16:55,36.4,109,65,107,69.4,7
U0030,2026-08-26T20:55,36.3,121,71,110,70.1,0
U0030,2026-09-07T23:55,36.3,146,78,138,70.6,1
U0030,2026-09-10T20:55,36.1,117,69,115,70.2,6
U0030,2026-09-11T22:55,36.9,131,88,80,69.9,3
U0030,2026-09-14T17:55,36.6,154,79,130,70.5,6
U0030,2026-09-18T11:55,36.7,140,75,105,70.2,1
U0031,2026-07-28T19:55,36.0,136,66,120,64.2,0
U0031,2026-08-02T05:55,36.6,128,79,109,64.3,2
U0031,2026-08-05T01:55,36.8,123,74,121,64.7,2
U0031,2026-08-09T02:55,36.4,148,90,67,64.5,1
U0031,2026-08-21T14:55,36.3,121,94,125,65.1,4
U0031,2026-08-27T16:55,37.1,110,76,119,65.9,7
U0031,2026-08-28T04:55,36.6,100,79,71,64.6,3
U0031,2026-08-28T21:55,37.3,101,91,128,63.8,0
U0031,2026-09-04T15:55,36.0,111,72,154,64.9,0
U0031,2026-09-07T05:55,36.7,133,77,80,65.3,5
U0031,2026-09-10T11:55,36.4,122,86,125,64.3,0
U0032,2026-07-29T22:55,36.7,108,63,122,65.0,1
U0032,2026-08-03T18:55,36.4,129,69,181,64.4,3
U0032,2026-08-07T07:55,36.6,143,73,127,65.0,0
U0032,2026-08-22T09:55,36.7,119,97,112,64.3,0
U0032,2026-08-30T06:55,35.7,113,93,119,64.6,5
U0032,2026-09-01T22:55,36.4,125,90,80,64.8,1
U0032,2026-09-02T22:55,36.3,105,75,146,65.0,3
U0032,2026-09-05T07:55,36.6,146,85,136,65.7,1
U0032,2026-09-12T11:55,36.6,136,88,107,66.0,7
U0033,2026-08-05T14:55,36.1,115,83,85,79.0,2
U0033,2026-08-06T20:55,36.4,117,73,107,78.6,3
U0033,2026-08-07T17:55,36.3,105,74,99,78.3,0
U0033,2026-08-11T08:55,36.9,173,67,115,78.3,7
U0033,2026-08-15T06:55,36.3,136,80,115,78.5,0
U0033,2026-08-18T12:55,36.3,96,66,143,78.0,0
U0033,2026-08-18T12:55,36.9,111,63,83,78.8,1
U0033,2026-08-29T23:55,36.9,122,81,116,79.1,3
U0033,2026-08-31T03:55,37.2,114,66,121,79.2,0
U0033,2026-09-02T21:55,36.1,104,89,105,78.6,1
U0033,2026-09-13T04:55,36.4,153,81,112,78.0,6
U0033,2026-09-13T22:55,36.0,146,79,70,78.3,2
U0033,2026-09-14T09:55,37.3,125,92,99,78.8,6
U0033,2026-09-21T11:55,36.3,128,78,99,78.5,0
U0034,2026-08-13T02:55,36.3,145,66,124,58.0,0
U0034,2026-08-17T12:55,36.6,113,78,139,56.9,1
U0034,2026-08-26T07:55,36.0,124,75,128,57.2,1
U0034,2026-08-28T04:55,36.8,115,71,77,58.8,2
U0034,2026-09-01T01:55,35.8,132,77,117,57.7,2
U0034,2026-09-05T03:55,35.7,103,92,113,57.6,0
U0034,2026-09-11T23:55,37.3,112,82,132,59.4,3
U0034,2026-09-14T23:55,36.6,133,69,121,58.3,0
U0034,2026-09-18T19:55,36.4,120,95,80,58.8,1
U0035,2026-07-25T21:55,36.8,117,83,92,40.5,5
U0035,2026-07-25T22:55,36.5,139,75,135,40.2,0
U0035,2026-07-26T10:55,36.1,127,80,102,39.5,7
U0035,2026-07-29T17:55,36.8,116,75,149,40.6,1
U0035,2026-08-20T08:55,36.5,136,64,117,40.2,4
U0035,2026-08-22T16:55,36.5,120,64,148,40.8,0
U0035,2026-08-28T19:55,36.2,84,67,70,40.0,6
U0035,2026-09-02T19:55,36.6,147,79,79,41.5,4
U0035,2026-09-14T23:55,37.0,135,77,68,39.8,7
U0036,2026-07-27T20:55,36.6,145,92,108,73.2,1
U0036,2026-08-08T04:55,36.5,107,82,118,72.0,5
U0036,2026-08-11T19:55,36.7,126,60,109,73.6,1
U0036,2026-08-13T09:55,36.5,143,77,119,73.2,3
U0036,2026-08-26T15:55,36.4,142,83,84,73.1,1
U0036,2026-08-31T23:55,35.7,115,79,75,72.5,0
U0036,2026-09-01T23:55,37.1,143,87,139,72.6,2
U0036,2026-09-05T08:55,36.8,139,73,120,73.6,5
U0036,2026-09-05T13:55,36.3,126,66,104,72.6,6
U0036,2026-09-18T10:55,36.4,122,65,124,73.0,0
U0037,2026-07-27T12:55,36.6,88,74,125,65.2,8
U0037,2026-07-28T10:55,37.1,105,57,114,66.8,1
U0037,2026-07-29T14:55,36.5,148,68,68,66.1,5
U0037,2026-08-10T03:55,36.5,159,61,148,66.0,0
U0037,2026-08-23T10:55,36.7,128,106,137,66.1,0
U0037,2026-09-01T02:55,35.7,108,82,139,67.7,1
U0037,2026-09-05T01:55,36.6,134,68,93,66.3,2
U0037,2026-09-10T02:55,36.8,147,83,66,66.2,0
U0037,2026-09-16T15:55,37.2,143,93,141,65.7,5
U0037,2026-09-20T06:55,36.9,126,74,108,66.1,4
U0037,2026-09-21T17:55,36.9,123,81,138,66.2,9
U0037,2026-09-22T03:55,36.9,126,75,104,65.8,2
U0038,2026-07-28T08:55,36.6,104,92,112,51.2,9
U0038,2026-08-08T22:55,36.3,121,80,106,51.4,4
U0038,2026-08-13T12:55,36.1,136,99,115,51.7,2
U0038,2026-08-17T01:55,36.4,142,74,128,51.3,1
U0038,2026-08-18T19:55,35.9,144,108,125,51.4,0
U0038,2026-09-03T23:55,36.7,149,91,97,51.6,4
U0038,2026-09-06T23:55,36.6,142,76,129,50.9,1
U0038,2026-09-10T05:55,36.9,129,88,161,50.4,0
U0038,2026-09-10T18:55,36.4,131,80,69,52.3,4
U0039,2026-07-27T12:55,36.2,85,80,119,80.7,1
U0039,2026-07-29T20:55,36.2,125,85,105,79.9,2
U0039,2026-08-09T19:55,36.7,114,97,90,80.1,0
U0039,2026-08-13T21:55,36.4,119,86,138,80.9,6
U0039,2026-08-20T11:55,36.8,138,69,75,81.0,5
U0039,2026-08-28T02:55,36.3,104,68,113,80.8,4
U0039,2026-09-18T23:55,36.8,123,89,76,80.1,0
U0040,2026-07-24T06:55,35.8,139,70,104,71.7,0
U0040,2026-08-16T21:55,36.6,130,97,39,70.6,3
U0040,2026-08-28T15:55,36.7,121,75,116,71.4,3
U0040,2026-08-29T12:55,37.0,132,85,137,71.1,4
U0040,2026-09-05T05:55,36.2,155,83,104,70.6,0
U0040,2026-09-07T14:55,36.2,147,70,82,71.4,0
U0040,2026-09-08T16:55,36.6,117,79,98,71.9,5
U0040,2026-09-11T00:55,36.7,123,74,128,70.8,6
U0040,2026-09-13T15:55,35.4,128,84,127,71.4,4
U0040,2026-09-21T19:55,36.6,129,76,111,70.9,3
U0041,2026-07-27T10:55,35.9,142,87,119,70.0,6
U0041,2026-07-28T14:55,35.9,133,85,111,70.0,0
U0041,2026-07-29T19:55,36.3,146,77,116,70.6,0
U0041,2026-08-02T07:55,36.4,106,85,92,70.4,1
U0041,2026-08-27T02:55,37.6,107,72,112,71.4,3
U0041,2026-08-27T22:55,36.4,106,91,87,70.4,7
U0041,2026-08-30T11:55,37.2,134,89,85,70.5,2
U0041,2026-09-14T09:55,36.9,118,75,122,70.4,0
U0041,2026-09-15T09:55,36.6,113,78,82,69.6,0
U0041,2026-09-18T01:55,36.1,150,60,115,70.5,1
U0042,2026-07-27T02:55,36.4,131,83,64,76.9,6
U0042,2026-07-28T10:55,36.4,133,93,104,75.0,0
U0042,2026-07-31T07:55,36.6,120,77,55,75.7,2
U0042,2026-08-02T06:55,36.4,121,89,98,75.2,1
U0042,2026-08-06T15:55,36.9,131,97,131,75.9,1
U0042,2026-08-09T04:55,37.1,145,81,115,75.3,2
U0042,2026-08-17T06:55,37.1,134,79,171,75.6,0
U0042,2026-08-18T02:55,36.9,133,86,103,75.4,2
U0042,2026-08-26T07:55,36.6,131,62,127,75.7,0
U0042,2026-08-28T02:55,36.5,134,77,119,75.6,1
U0042,2026-09-12T16:55,37.1,118,74,123,75.8,1
U0042,2026-09-16T19:55,36.3,126,84,123,75.9,0
U0043,2026-08-03T04:55,36.6,135,85,114,83.1,10
U0043,2026-08-10T15:55,36.7,141,71,103,84.9,0
U0043,2026-08-26T19:55,37.1,87,92,96,83.9,0
U0043,2026-08-30T17:55,36.3,123,80,104,83.4,1
U0043,2026-09-02T13:55,35.8,134,97,149,83.5,0
U0043,2026-09-11T00:55,36.0,107,87,101,84.0,2
U0043,2026-09-18T10:55,35.8,135,112,66,85.0,7
U0043,2026-09-19T04:55,36.9,119,93,107,83.6,2
U0044,2026-07-23T11:55,36.8,145,73,134,58.3,0
U0044,2026-07-24T01:55,36.2,131,68,49,57.5,6
U0044,2026-07-30T10:55,36.6,134,65,147,58.0,8
U0044,2026-08-01T20:55,36.7,138,86,120,57.7,3
U0044,2026-08-18T01:55,36.4,115,71,125,59.1,0
U0044,2026-08-19T07:55,36.5,121,84,121,58.5,4
U0044,2026-08-24T10:55,37.3,145,73,117,57.7,6
U0044,2026-09-04T23:55,37.1,132,76,39,58.3,0
U0044,2026-09-17T23:55,36.8,133,74,108,58.3,0
U0045,2026-08-01T17:55,36.8,127,86,79,62.8,5
U0045,2026-08-04T07:55,37.1,113,73,145,63.1,7
U0045,2026-08-05T19:55,36.4,161,76,120,62.8,1
U0045,2026-08-06T05:55,35.8,148,74,119,62.8,0
U0045,2026-08-06T23:55,37.0,110,74,144,62.5,2
U0045,2026-08-14T10:55,36.5,108,103,125,62.7,0
U0045,2026-08-22T22:55,36.9,95,81,79,62.0,6
U0045,2026-08-24T23:55,36.0,118,98,114,62.5,1
U0045,2026-08-27T02:55,36.7,146,65,83,62.5,7
U0045,2026-09-04T23:55,36.3,108,72,127,62.4,3
U0045,2026-09-06T03:55,37.0,175,88,137,63.0,5
U0045,2026-09-13T03:55,36.3,163,102,98,63.1,1
U0045,2026-09-16T02:55,36.4,140,66,136,62.6,1
U0045,2026-09-17T14:55,36.6,134,81,65,63.0,1
